,,,,,,
,Tipo,Carta,Contexto,Opción A (⚫),Opción B,Opción C
,A,Trabajo y Explotación,,,,
,A,A1. La jornada laboral extendida,El empleador prefiere pagar horas extra que contratar más personal: así extrae más plusvalía del mismo trabajador. La jornada extendida no es trabajar más: es explotación. El trabajo digno tiene límites.,"Aceptar la jornada extendida. +2 Recursos personales, -1 Solidaridad, -1 Conciencia colectiva.","Negativa colectiva a la jornada extendida. Requiere 2 Solidaridad. +1 Recurso colectivo, +1 Solidaridad, +1 Conciencia colectiva.",—
,A,A2. El salario escaso,"El salario escaso no paga todo lo que produces. La diferencia es la plusvalía. No hay dignidad en lo poco que se recibe por el trabajo. Negociar reduce la plusvalía, pero no la elimina.",Aceptar el salario escaso. +1 Recurso colectivo.,"Negociar colectivamente. Requiere 2 Solidaridad. +1 Recurso colectivo, +1 Solidaridad, +1 Conciencia colectiva.",—
,A,A3. La productividad forzada,"El supervisor exige más por el mismo sueldo. Si aceptas, no ganas más: solo evitas el despido. La productividad forzada destruye tu calidad de vida.","Aumentar tu ritmo bajo amenaza. +1 Recurso personal, -1 Solidaridad, -1 Conciencia colectiva.","Mantener el ritmo colectivo. +1 Recurso colectivo, +1 Solidaridad.",—
,A,A4. El contrato precario sin protección,"El contrato precario no incluye afiliación a salud ni protección por enfermedades laborales. Aceptarlo no solo te precariza a ti: precariza a todos. El empleador usa a quien acepta para bajar las condiciones del resto. Sin protección, no hay trabajo digno.","Aceptar. +2 Recursos personales, -1 Solidaridad, -1 Conciencia colectiva.","Rechazarlo colectivamente. Requiere 2 Solidaridad. +1 Recurso colectivo, +1 Solidaridad, +1 Conciencia colectiva.",—
,A,A5. El despido,"El desempleo es el ejército industrial de reserva. Resistir reduce el daño, pero no elimina la amenaza. Solo la organización política puede cambiar las reglas. El trabajo digno no se mendiga: se conquista.","Aceptar el despido. -2 Recursos personales, -1 Solidaridad.","Resistir con la organización de trabajadores. Requiere 3 Solidaridad. Reduce el efecto: -1 Recurso personal en vez de -2, +1 Conciencia colectiva. Si hay ""Partido de los trabajadores"", evita el despido completamente.",—
,A,A6. Máquinas y tecnología,"En manos del capital, la máquina y la tecnología desplazan al trabajador. Si los trabajadores las controlan, la capacidad productiva se reparte.","Operar la máquina o tecnología. +2 Recursos personales, -1 Conciencia colectiva.","Organizarte por control de los trabajadores. +1 Recurso colectivo, +1 Solidaridad, +1 Conciencia colectiva.",—
,A,A7. La alienación,"La alienación es cuando tu trabajo, tu producto y tu tiempo pertenecen a otro. No decides qué produces, cómo ni para qué. No es solo cansancio: es perder el control sobre tu vida.","Seguir el ritmo impuesto. +1 Recurso personal, -1 Conciencia colectiva.","Detenerte y pensar colectivamente. -1 Recurso colectivo, +1 Conciencia colectiva, +1 Solidaridad.",—
,A,A8. La huelga,"La huelga cuesta: no se cobra, se pasa necesidad. Pero si se sostiene, se gana más de lo que se pierde. No hacer huelga da un alivio inmediato, pero debilita al colectivo.","No hacer huelga. +1 Recurso personal, -1 Solidaridad.","Hacer huelga. Requiere 3 Solidaridad. Efecto diferido: 2 turnos sin ingreso base, luego +2 Recursos colectivos, +1 Solidaridad, +1 Conciencia colectiva.",—
,A,A9. El esquirol,La necesidad inmediata empuja a volver al trabajo. Pero cada esquirol debilita la huelga y prolonga la derrota.,"Volver al trabajo durante la huelga. +1 Recurso personal, -1 Solidaridad, -1 Conciencia colectiva. Recibe 1 ficha de Trabajador Cooptado.","Sostener la huelga. -1 Recurso colectivo, +1 Solidaridad, +1 Conciencia colectiva.",—
,A,A10. El trabajo de cuidados no remunerado,"El trabajo de cuidados no remunerado sostiene la producción capitalista, pero no se paga. Las mujeres lo cargan desproporcionadamente. El cuidado digno es un derecho, no una carga.","Aceptar el trabajo de cuidados no remunerado. -1 Recurso personal, -1 Solidaridad. Efecto persistente: hasta resolver CR9.","Organizar los cuidados colectivamente. Requiere 2 Solidaridad. +1 Recurso colectivo, +1 Solidaridad, +1 Conciencia colectiva. Cancela el efecto persistente de A.",—
,A,A11. El aumento de servicios públicos,"El aumento de servicios públicos (agua, luz, gas) es una forma de exprimir el salario. El que no puede pagar, queda sin servicio. La resistencia colectiva es la única respuesta.",Aceptar el aumento. -1 Recurso personal por turno durante 3 turnos.,"Organizar resistencia al aumento. Requiere 2 Solidaridad. -1 Recurso colectivo, +1 Solidaridad, +1 Conciencia colectiva.",—
,B,Conciencia y organización,,,,
,B,B1. La ideología dominante,Las ideas dominantes son las ideas de la clase dominante. Presentan el interés del capital como el interés de todos.,"Aceptar el discurso oficial. +1 Recurso personal, -2 Conciencia colectiva.","Cuestionarlo colectivamente. -1 Recurso colectivo, +1 Conciencia colectiva, +1 Solidaridad.",—
,B,B2. La cooptación ideológica,"El discurso de ""clase media"" es una construcción ideológica. Hace que algunos trabajadores se identifiquen con la burguesía y defiendan el orden.","Aceptar el discurso de ""clase media"". +1 Recurso personal, -1 Conciencia colectiva.","Cuestionar el discurso de ""clase media"". -1 Recurso colectivo, +1 Conciencia colectiva, +1 Solidaridad.",—
,B,B3. La conciencia de clase,La conciencia de clase es el paso del 'yo' al 'nosotros'. No es tu culpa: el sistema está diseñado para que a la mayoría le vaya mal. Darte cuenta de que no estás solo es el primer paso.,"Pensar que es un problema personal. -1 Recurso personal, -2 Conciencia colectiva.","Entender que es un problema estructural. +1 Conciencia colectiva, +1 Solidaridad.",—
,B,B4. La organización,"La organización es la forma en que la clase se constituye como sujeto. Sin organización, no hay lucha. Juntos somos más fuertes: no es una frase, es una realidad material.",Actuar solo. +1 Recurso personal.,"Organizarse colectivamente. Requiere 2 Solidaridad. +1 Solidaridad, +1 Conciencia colectiva.",—
,B,B5. La organización de trabajadores,"La organización de trabajadores es la forma elemental de organización. Pero si se burocratiza, los dirigentes burocratizados evitan las acciones verdaderamente colectivas. La organización debe ser democrática o no es organización.","No afiliarte. +1 Recurso personal, -1 Solidaridad.","Afiliarte y exigir que sea democrática. -1 Recurso colectivo, +1 Solidaridad, +1 Conciencia colectiva.",—
,B,B6. La huelga general,"La huelga general es el arma más potente de la clase trabajadora. Paraliza el sistema. No participar da un alivio inmediato, pero debilita al colectivo.","No participar. +1 Recurso personal, -1 Solidaridad.","Participar. Requiere 4 Solidaridad. Efecto diferido: 3 turnos sin ingreso base, luego +3 Recursos colectivos, +2 Solidaridad, +2 Conciencia colectiva.",—
,B,B7. La solidaridad,"La solidaridad no es caridad: es reconocimiento de intereses comunes. Sin ella, la clase se desintegra. El que se salva solo, se salva solo hasta que le toca.","Ignorar a un compañero despedido. +1 Recurso personal, -1 Solidaridad.","Ayudarlo colectivamente. -1 Recurso colectivo, +1 Solidaridad, +1 Conciencia colectiva.",—
,B,B8. La represión,"El Estado tiene el monopolio de la fuerza. La resistencia violenta no funciona: el Estado infiltra, provoca y justifica la represión. La lucha se gana con educación cultural, desobediencia civil y organización legal. La dignidad no se negocia.","Retroceder. -1 Solidaridad, -1 Conciencia colectiva.","Resistir con desobediencia civil no violenta. -1 Recurso colectivo, +1 Solidaridad, +1 Conciencia colectiva.","Resistir con organización legal (si hay ""Asamblea""). -1 Recurso colectivo, +1 Solidaridad, +1 Conciencia colectiva. Sin riesgo de represión violenta."
,B,B9. La unidad,"La clase trabajadora no es solo la fábrica: son también los servicios, el campo, los cuidados. La unidad entre sectores nos hace más fuertes. Dividirnos es lo que el capital quiere.","Priorizar tu sector. +1 Recurso personal, -1 Solidaridad.","Construir unidad entre sectores. Requiere 2 Solidaridad. +1 Solidaridad, +1 Conciencia colectiva.",—
,B,B10. La memoria histórica,"Los momentos de lucha a veces se pierden por falta de organización. Pero las derrotas enseñan. Sin memoria, no hay proyecto. El capital quiere que olvidemos.","Olvidar las derrotas. +1 Recurso personal, -1 Conciencia colectiva, -1 Cultura.","Aprender de ellas. -1 Recurso colectivo, +1 Conciencia colectiva, +1 Solidaridad, +1 Cultura.",—
,C,Condiciones materiales,,,,
,C,C1. La banca sube la tasa de interés,"El capital financiero no produce riqueza: la extrae. Cuando sube la tasa, el trabajador endeudado paga la fiesta. El que paga, paga solo. La usura no es un accidente: es un negocio.",Pagar la nueva cuota. -1 Recurso personal por turno durante 3 turnos.,"Organizar campaña contra la usura. Requiere 2 Solidaridad. -1 Recurso colectivo, +1 Solidaridad, +1 Conciencia colectiva.",—
,C,C2. Tu empleador recorta gastos,"El recorte traslada la crisis a los trabajadores. La ganancia se privatiza; el ajuste se socializa. El que no resiste, paga solo. No hay crisis que justifique la precariedad.",Aceptar el recorte. -2 Recursos personales.,"Resistir con la organización de trabajadores. Requiere 2 Solidaridad. Evita el recorte, +1 Conciencia colectiva.",—
,C,C3. La rebaja salarial,El empleador rebaja el salario para aumentar su ganancia. Aceptar la rebaja es aceptar que tu trabajo vale menos. Resistir colectivamente es la única respuesta.,Aceptar la rebaja. -1 Recurso personal por turno durante 3 turnos.,"Resistir con la organización de trabajadores. Requiere 3 Solidaridad. Evita la rebaja, +1 Conciencia colectiva.",—
,C,C4. El desalojo,"La vivienda digna es un derecho, no un lujo. El desalojo es la forma más brutal de la crisis de vivienda. El que no puede pagar, queda en la calle. La resistencia colectiva es la única respuesta.",Aceptar el desalojo. -1 Recurso personal por turno durante 3 turnos.,"Resistir colectivamente. Requiere 3 Solidaridad y tener ""Vivienda digna"" (O18) . -1 Recurso colectivo, +1 Solidaridad, +1 Conciencia colectiva.",—
,C,C5. El costo de la vivienda,"La vivienda digna es un derecho, no un lujo. La vivienda como mercancía es una de las formas más brutales de la explotación. La cooperativa o la huelga de alquileres desmercantilizan, pero no resuelven la propiedad privada del suelo.","Aceptar la hipoteca o el alquiler abusivo. +2 Recursos personales ahora, -1 Recurso personal por turno durante 4 turnos.","Organizar una cooperativa o huelga de alquileres. Requiere 3 Solidaridad y tener ""Vivienda digna"" (O18) . -1 Recurso colectivo, +1 Recurso colectivo por turno, +1 Solidaridad, +1 Conciencia colectiva.",—
,C,C6. La inflación,"La inflación reduce el poder adquisitivo de los salarios. El capital la usa para bajar salarios reales (lo que puedes comprar) sin bajarlos nominales (lo que dice el contrato). El que no puede ajustarse, queda fuera.",Ajustarte. -1 Recurso personal por turno durante 2 turnos.,"Exigir aumentos salariales colectivamente. Requiere 2 Solidaridad. +1 Recurso colectivo, +1 Conciencia colectiva.",—
,C,C7. La deuda estudiantil,"La educación digna no es una mercancía. La deuda estudiantil es una forma de disciplinamiento social: endeuda a los jóvenes para que acepten cualquier trabajo. El que paga, paga solo.",Pagarla. -1 Recurso personal por turno durante 4 turnos.,"Dejarla impaga y organizarse. -1 Solidaridad, +1 Conciencia colectiva.",—
,C,C8. El trabajo informal,"El trabajo digno no es un lujo: es un derecho. La informalidad es el grado cero de la precariedad. Sin contrato, no hay derechos; sin derechos, no hay dignidad.","Aceptarlo. +1 Recurso personal, -1 Solidaridad.","Rechazarlo y organizarse. -1 Recurso colectivo, +1 Solidaridad.",—
,C,C9. La salud privada,La salud digna no es una mercancía: es un derecho. No es lo mismo tener acceso a la salud que ser atendido con dignidad. El negocio privado de la salud sube los precios para aumentar sus utilidades a costa del bolsillo de los trabajadores.,Pagar la salud privada. -2 Recursos personales.,"Organizar la salud pública y comunitaria. Requiere 3 Solidaridad y tener ""Salud pública y gratuita"" (O17) . +1 Recurso colectivo, +1 Solidaridad, +1 Conciencia colectiva.",—
,C,C10. El transporte,"El transporte digno no es un lujo: es un derecho. El transporte privado sube el pasaje para aumentar sus utilidades a costa del bolsillo de los trabajadores. No es lo mismo viajar como mercancía sin valor, que como seres humanos.",Pagar el pasaje privado. -1 Recurso personal por turno durante 3 turnos.,"Organizar transporte colectivo. Requiere 2 Solidaridad. +1 Recurso colectivo, +1 Solidaridad.",—
,C,C11. La gentrificación,"La gentrificación expulsa a los trabajadores de sus barrios para especular con el suelo. El capital no construye: desaloja y revende. El derecho a la vivienda digna y al barrio es un derecho, no un lujo.","Aceptar el desalojo del barrio. +1 Recurso personal (indemnización), -2 Solidaridad, -1 Conciencia colectiva. Efecto persistente: hasta resolver CR8.","Organizar resistencia vecinal. Requiere 3 Solidaridad y tener ""Vivienda digna"" (O18) . -1 Recurso colectivo, +1 Solidaridad, +1 Conciencia colectiva. Cancela el efecto persistente de A.",—
,C,C12. La educación privada,La educación digna no es una mercancía: es un derecho. La educación privada convierte el conocimiento en privilegio de quien puede pagarlo. No es lo mismo tener acceso a la educación que ser educado íntegramente.,Pagar la educación privada. -2 Recursos personales.,"Organizar la educación pública y comunitaria. Requiere 3 Solidaridad y tener ""Educación pública y gratuita"" (O16) . +1 Recurso colectivo, +1 Solidaridad, +1 Conciencia colectiva.",—
,C,C13. Las pensiones,La pensión digna no es un favor: es un derecho conquistado por generaciones de trabajadores. La pensión privada convierte la vejez en negocio y no devuelve al trabajador las ganancias reales de las inversiones que hicieron con sus ahorros. No es lo mismo tener una pensión que vivir la vejez con dignidad.,Aceptar la pensión privada. -1 Recurso personal por turno durante 5 turnos.,"Organizar un sistema público de pensiones. Requiere 4 Solidaridad. +1 Recurso colectivo por turno, +1 Solidaridad, +1 Conciencia colectiva.",—
,D,Imperialismo y migración,,,,
,D,D1. Golpe de Estado,"Cuando la burguesía (los dueños del capital) ve disminuidas sus utilidades, recurre al golpe. La democracia burguesa dura mientras no se cuestione los privilegios. La violencia no es del pueblo: es del capital.","Aceptar el golpe. +1 Recurso personal, -1 Solidaridad, -1 Conciencia colectiva.","Apoyar al gobierno legítimo. -2 Recursos colectivos, +1 Solidaridad, +1 Conciencia colectiva.",—
,D,D2. Control de medios,Los grandes medios son propiedad de la clase dominante. Su función es fabricar consenso. No es que mientan siempre: es que seleccionan qué verdad te muestran.,"Consumir medios dominantes. +0, -1 Conciencia colectiva.","Consumir medios independientes. -1 Recurso colectivo, +1 Conciencia colectiva.",—
,D,D3. Títere en el poder,El imperialismo no siempre necesita invadir: le basta con poner un gobierno servil al capital extranjero.,"Ignorarlo. +0, -1 Conciencia colectiva.","Denunciarlo. -1 Recurso colectivo, +1 Conciencia colectiva.",—
,D,D4. Deuda externa,"El Estado que emite su propia moneda no necesita endeudarse en dólares. Si la deuda está en moneda propia, puede pagarla emitiendo. Si está en dólares, la salida es dejar de pagar. La deuda externa es un mecanismo de saqueo. Los pueblos que se niegan a pagar mejoran su sector productivo.","Pagar la deuda con las condiciones del FMI (Fondo Monetario Internacional). -1 Recurso personal por turno durante 3 turnos. -1 Solidaridad, -1 Conciencia colectiva.","Dejar de pagar la deuda. Requiere 3 Solidaridad. +2 Recursos colectivos, +1 Solidaridad, +1 Conciencia colectiva. Si hay ""Partido de los trabajadores"" o ""Internacionalismo"", +1 Conciencia colectiva extra.","Emitir en moneda propia (solo con ""Banco central público""). Requiere 2 Solidaridad. +1 Recurso colectivo, +1 Conciencia colectiva."
,D,D5. Tratado de libre comercio,"El libre comercio no es malo en sí: depende de quién negocia. Con trabajadores organizados e internacionalismo, puede ser una herramienta de cooperación.","Firmarlo sin condiciones. +2 Recursos personales, -1 Solidaridad, -1 Conciencia colectiva.","Firmarlo con condiciones obreras. Requiere 4 Solidaridad e Internacionalismo. +1 Recurso colectivo, +1 Solidaridad, +1 Conciencia colectiva.","Rechazarlo (si no se cumplen requisitos). -1 Recurso colectivo, +1 Solidaridad."
,D,D6. Base militar extranjera,Las bases militares defienden los intereses del capital. Las ganancias no se quedan: se van al extranjero. La soberanía no se negocia.,"Aceptarla. -2 Recursos colectivos, -1 Conciencia colectiva.","Rechazarla. +0 Recursos colectivos, +1 Solidaridad, +1 Conciencia colectiva.",—
,D,D7. Saqueo de recursos naturales,"El imperialismo extrae recursos sin compensación. Deja crisis humanitarias, ambientales y cero progreso. La resistencia puede incluir alternativas productivas. La tierra no se vende: se defiende.","Permitirlo. -2 Recursos colectivos, -1 Solidaridad, -1 Conciencia colectiva.","Resistir y organizar turismo ecológico comunitario. Requiere 3 Solidaridad. +1 Recurso colectivo, +1 Solidaridad, +1 Conciencia colectiva.",—
,D,D8. Bloqueo económico,"El bloqueo es un arma de guerra económica. Su objetivo es doblegar a los pueblos, no a sus gobiernos. Romperlo requiere organización y medios. La solidaridad internacional no es un lujo: es una necesidad.","Aceptarlo. -2 Recursos colectivos, -1 Conciencia colectiva.","Romperlo con solidaridad internacional. Requiere 3 Solidaridad y 1 Recurso colectivo. -1 Recurso colectivo, +1 Solidaridad, +1 Conciencia colectiva.","Resistir internamente (si no se cumplen requisitos). -1 Recurso colectivo, +1 Solidaridad, -1 Conciencia colectiva."
,D,D9. Migración forzada,"La migración no es una elección: es una consecuencia. El que migra solo, se salva solo, pero rompe los lazos comunitarios y genera fuga de cerebros. La migración organizada es una forma de resistencia.","Migrar solo. +2 Recursos personales, -1 Solidaridad, -1 Conciencia colectiva (fuga de cerebros).","Organizar la migración colectivamente. Requiere 2 Solidaridad. -1 Recurso colectivo, +1 Solidaridad, +1 Conciencia colectiva.",—
,D,D10. Xenofobia,La xenofobia divide a la clase trabajadora. Aceptar el discurso da recursos personales porque precariza al inmigrante y fomenta el trabajo esclavo. El capital la fomenta para impedir la unidad. La clase trabajadora no tiene fronteras.,"Aceptar el discurso antiinmigrante. +1 Recurso personal, -1 Solidaridad, -1 Conciencia colectiva. Recibe 1 ficha de Trabajador Cooptado. Efecto persistente: hasta resolver CR6.","Solidarizarte con los migrantes. -1 Recurso colectivo, +1 Solidaridad, +1 Conciencia colectiva. Cancela el efecto persistente de A.",—
,E,Trampas del sistema,,,,
,E,E1. El consumo,"El consumo es parte del mercado. El problema no es consumir, sino el consumismo. Los recursos son finitos. Consumir con conciencia no es dejar de consumir: es consumir sin ser consumido.","Comprar lo que no necesitas. +1 Recurso personal, -1 Conciencia colectiva, -1 Solidaridad. Recibe 1 ficha de Trabajador Cooptado.","Consumir con conciencia. +0, +1 Conciencia colectiva.",—
,E,E2. El individualismo,"El capital fomenta la competencia individual. Divide a la clase por raza, género, nacionalidad o salario. 'Sálvate tú' funciona a corto plazo, pero te deja aislado.","Competir con tus compañeros. +2 Recursos personales, -1 Solidaridad, -1 Conciencia colectiva. Recibe 1 ficha de Trabajador Cooptado.","Cooperar y construir unidad. +1 Solidaridad, +1 Conciencia colectiva.",—
,E,E3. La deuda,El crédito hipoteca el futuro del trabajador. Endeudarse da recursos ahora pero quita capacidad de resistencia después. La deuda no es una herramienta: es una cadena.,"Endeudarte. +2 Recursos personales ahora, -1 Recurso personal por turno durante 3 turnos.","No endeudarte. -1 Recurso colectivo, +1 Conciencia colectiva.",—
,E,E4. La nostalgia reaccionaria,La nostalgia reaccionaria idealiza un pasado que nunca existió para impedir la transformación. 'Antes estábamos mejor' es una trampa: el pasado también era capitalismo.,"Añorar el pasado idealizado. +1 Recurso personal, -2 Conciencia colectiva. Recibe 1 ficha de Trabajador Cooptado.","Analizar el pasado con conciencia. -1 Recurso colectivo, +1 Conciencia colectiva.",—
,E,E5. La culpa individual,"La culpa individual es una forma de dominación. El sistema te recompensa por aceptar la culpa: te da un alivio inmediato, pero te aísla. No es tu culpa: es el sistema.","Culparte por tu situación. +1 Recurso personal, -1 Conciencia colectiva, -1 Solidaridad. Recibe 1 ficha de Trabajador Cooptado.","Entender que es un problema estructural. +1 Conciencia colectiva, +1 Solidaridad.",—
,E,E6. El miedo,El miedo es un instrumento de dominación. La valentía es una decisión política. El miedo no se vence solo: se vence colectivamente.,"Callar por miedo. +1 Recurso personal, -2 Conciencia colectiva. Recibe 1 ficha de Trabajador Cooptado.","Hablar colectivamente. -1 Recurso colectivo, +1 Conciencia colectiva.",—
,E,E7. La resignación,La resignación es la forma más sutil de la dominación. La esperanza es una fuerza material. 'Siempre ha sido así' es la frase que el capital quiere que repitas.,"Siempre ha sido así. +1 Recurso personal, -2 Conciencia colectiva. Recibe 1 ficha de Trabajador Cooptado.","Puede ser de otra manera. -1 Recurso colectivo, +1 Conciencia colectiva.",—
,E,E8. La caridad,"La caridad del patrón no es justicia: es mantener la explotación con buena imagen. Los derechos se conquistan, no se mendigan.","Aceptar la caridad del patrón. +1 Recurso personal, -1 Solidaridad, -1 Conciencia colectiva. Recibe 1 ficha de Trabajador Cooptado.","Rechazarla colectivamente y exigir derechos. -1 Recurso colectivo, +1 Solidaridad, +1 Conciencia colectiva.",—
,F,"Transición socialista
",,,,
,F,F1. La propiedad privada,"La propiedad privada de los medios de producción (fábricas, tierras, bancos) es la base de la explotación. No es lo mismo que la propiedad personal (tu casa, tu ropa). Confundirlas es lo que el capital quiere.","Respetar la propiedad privada de los medios de producción. +1 Recurso personal, -1 Conciencia colectiva.","Cuestionarla colectivamente. +1 Solidaridad, +1 Conciencia colectiva.",—
,F,F2. La cooperativa,"La cooperativa es producir sin patrón. No es socialismo, pero es una escuela de autogestión. Aprender a organizarse sin jefe es el primer paso.","Seguir como asalariado. +1 Recurso colectivo, +1 Solidaridad.","Montar una cooperativa. Requiere 3 Solidaridad y 2 Recursos colectivos. +1 Recurso colectivo por turno, +1 Conciencia colectiva.",—
,F,F3. La ocupación,La ocupación de los medios de producción es el acto elemental de la revolución. Los trabajadores recuperan lo que producen. Pero una ocupación aislada no basta: requiere coordinación y sostenibilidad.,"No ocupar. +1 Recurso colectivo, +1 Solidaridad.","Ocupar la fábrica. Requiere 4 Solidaridad. +2 Recursos colectivos, +1 Conciencia colectiva.",—
,F,F4. La planificación,"El socialismo reemplaza la anarquía del mercado por la planificación democrática. Dejar que el mercado decida beneficia al capital, no al colectivo. Planificar no es burocratizar: es decidir entre todos.","Dejar que el mercado decida. +1 Recurso personal, -1 Solidaridad, -1 Conciencia colectiva.","Planificar colectivamente. Requiere 3 Solidaridad y 1 Recurso colectivo. +1 Recurso colectivo, +1 Conciencia colectiva, +1 Solidaridad.",—
,F,F5. La transición ecológica,"La transición ecológica no puede ser del mercado: sería otra burbuja. Tiene que ser popular, planificada y con control de los trabajadores. La tierra no es una mercancía: es un hogar.","Aceptar la transición del mercado. +1 Recurso personal, -1 Conciencia colectiva.","Organizar la transición popular. Requiere 4 Solidaridad y 2 Recursos colectivos. +1 Recurso colectivo, +1 Solidaridad, +1 Conciencia colectiva.",—
,F,F6. El partido,"El partido es la forma en que la clase se organiza políticamente. Sin partido, la lucha económica no se convierte en lucha por el poder. No construirlo deja al capital sin contrapeso. El partido no es un fin: es un instrumento.","No construirlo. +1 Recurso personal, -1 Solidaridad, -1 Conciencia colectiva.","Construir un partido de los trabajadores democrático. Requiere 5 Solidaridad y 2 Recursos colectivos. +1 Conciencia colectiva, +1 Solidaridad.","Construir un partido burocrático (si tienes ficha de Trabajador Cooptado). -1 Solidaridad, -1 Conciencia colectiva. Ganas +1 Recurso personal."
,F,F7. La revolución,La revolución no es un acto de voluntad: es el resultado de contradicciones insostenibles. Esperar deja al colectivo bajo la bota del capital. La revolución no se hace: se construye.,"Esperar. +1 Recurso personal, -1 Solidaridad, -1 Conciencia colectiva.","Prepararla. Requiere 6 Solidaridad, 6 Conciencia colectiva y 3 Recursos colectivos. +2 Conciencia colectiva. Desbloquea ""Comunismo"".","Obstaculizarla (si tienes ficha de Trabajador Cooptado). -1 Solidaridad, -1 Conciencia colectiva. Ganas +1 Recurso personal."
,F,F8. El internacionalismo,La clase trabajadora no tiene patria. Aplazar el internacionalismo divide a los trabajadores del mundo y da más control a las élites. La solidaridad no conoce fronteras.,"Aplazarlo. +1 Recurso personal, -1 Solidaridad, -1 Conciencia colectiva.","Practicarlo. Requiere 4 Solidaridad y 1 Recurso colectivo. +1 Solidaridad, +1 Conciencia colectiva.","Obstaculizarlo (si tienes ficha de Trabajador Cooptado). -1 Solidaridad, -1 Conciencia colectiva. Ganas +1 Recurso personal."