,,,
,Carta,Contexto,Efecto
,CR1. Crisis de sobreproducción,"El capitalismo produce demasiado para quien puede pagar, y demasiado poco para quien necesita. Los almacenes están llenos, pero la gente pasa hambre. La sobreproducción no es un exceso de riqueza: es un exceso de miseria.","-2 Recursos colectivos. Si hay ""Cooperativa"", evita el efecto."
,CR2. Crisis financiera,"El capital financiero extrae riqueza sin producirla. Cuando estalla, la pagan los trabajadores. Los bancos quiebran y el Estado los rescata con dinero público. Las familias pierden sus casas.","-3 Recursos colectivos, -2 Solidaridad. Si hay ""Fondo de ayuda mutua"", evita la pérdida de Solidaridad."
,CR3. Burbuja económica,"Una burbuja es cuando el precio de un activo se infla muy por encima de su valor real. Cuando estalla, los que compraron caro pierden todo. Los trabajadores que compraron una vivienda con crédito quedan endeudados de por vida.","-1 Recurso colectivo. Efecto continuo: durante 4 turnos, -2 Recursos colectivos por turno. Si hay ""Cooperativa"", se reduce a 2 turnos."
,CR4. Crisis climática,"La crisis climática es consecuencia del capitalismo. Quienes menos contaminan, más sufren. Sequías, inundaciones y desplazamientos. La tierra no es una mercancía: es un hogar. La respuesta no puede ser individual.","-1 Recurso colectivo, -1 Solidaridad, +1 Conciencia colectiva. Si hay ""Internacionalismo"", evita la pérdida de Solidaridad."
,CR5. Crisis migratoria,"La migración no es una elección: es una consecuencia del saqueo y la crisis climática. El que migra, no huye: es expulsado. La xenofobia divide a quienes deberían estar unidos.","-1 Recurso colectivo, -1 Solidaridad. Si hay ""Xenofobia"" en la mesa, el efecto se duplica. Se resuelve si el colectivo tiene ""Internacionalismo"" o si no hay ""Xenofobia"" en la mesa."
,CR6. Crisis de deuda,"La deuda es una forma de disciplinamiento social. Los pueblos pagan con ajuste lo que las élites tomaron prestado. Recortes en salud, educación y pensiones. La deuda no es una herramienta: es una cadena.",-2 Recursos colectivos. Efecto continuo: -1 Recurso colectivo por turno durante 3 turnos.
,CR7. Crisis de vivienda,"La vivienda como mercancía es una de las formas más brutales de la explotación. Los alquileres suben, los desalojos aumentan. La vivienda digna es un derecho, no un lujo.","-1 Recurso colectivo, -1 Solidaridad. Si hay ""Gentrificación"" en la mesa, el efecto se duplica. Se resuelve si hay ""Vivienda digna"" o si no hay ""Gentrificación"" en la mesa."
,CR8. Crisis de cuidados,"El trabajo de cuidados sostiene la producción capitalista, pero no se paga. Las mujeres lo cargan desproporcionadamente. Sin espacios de cuidado accesibles, el trabajo no remunerado recae sobre ellas.","-1 Recurso colectivo, -1 Solidaridad. Si hay ""Trabajo de cuidados no remunerado"" en la mesa, el efecto se duplica. Se resuelve si hay ""Espacio de cuidado comunitario"" o si no hay ""Trabajo de cuidados no remunerado"" en la mesa."
,CR9. Crisis de represión,"El Estado protege la propiedad privada de los medios de producción, no los derechos de los trabajadores. La protesta se criminaliza. La represión no es justicia: es poder.","-1 Solidaridad, -1 Conciencia colectiva. Si hay ""Organización"" en la mesa, el efecto se duplica. Se resuelve si hay ""Asamblea"" o si no hay ""Organización"" en la mesa."
,CR10. Crisis ideológica,La ideología dominante presenta los intereses del capital como intereses de todos. No es que mientan siempre: es que seleccionan qué verdad te muestran. La crisis ideológica es la crisis del sentido común.,"-1 Conciencia colectiva. Si hay ""Medio de comunicación popular"", evita el efecto."
,CR11. Crisis de guerra,Las guerras son inventos del capital para robar y dividir. Los trabajadores son carne de cañón. Todos somos un mismo pueblo: la humanidad. La guerra no es del pueblo: es del capital.,"-2 Recursos colectivos, -1 Solidaridad, +1 Conciencia colectiva. Si hay ""Internacionalismo"", evita la pérdida de Solidaridad."
,CR12. Dolarización,"La dolarización es la rendición de la soberanía monetaria. El capital impone su moneda y con ella su poder. Los salarios se licúan, las deudas se multiplican. La moneda no es un objeto técnico: es poder.","-3 Recursos colectivos. El colectivo pierde ""Banco central público"" si lo tiene. La opción C de D4 se bloquea. Efecto continuo: durante 2 turnos, todos los Recursos personales se reducen a la mitad. Si hay ""Internacionalismo"", evita el efecto continuo."
,CR13. Crisis de legitimidad,"Cuando la burguesía pierde el control del relato, la crisis de legitimidad se profundiza. El sistema se tambalea. La legitimidad no se compra: se conquista.","-2 Solidaridad, -1 Conciencia colectiva. Si hay ""Partido de los trabajadores"", evita la pérdida de Conciencia colectiva."
,CR14. Socialdemocracia,"La socialdemocracia administra el capitalismo sin cambios reales. Concede derechos cuando la correlación de fuerzas es favorable, los quita cuando no. Sin una alternativa real (comunismo), la burguesía no cede nada.","-1 Solidaridad, -1 Conciencia colectiva. Durante 2 turnos, las cartas de Organización cuestan +1 Solidaridad. Si el colectivo tiene ""Partido de los trabajadores"", evita el efecto."